"","Crypto","Weight"
"1","XLM",0.149254993454088
"2","BTC",0.14951203034725
"3","XRP",0.148083021352068
"4","ENJ",0.149333500291687
