"","Crypto","Weight"
"1","XLM",0.111368777044117
"2","BTC",0.13546612393111
"3","XRP",0.137241214117967
"4","ENJ",0.123222565115429
